<?xml version="1.0" encoding="UTF-8"?>
<project-private xmlns="http://www.netbeans.org/ns/project-private/1">
    <editor-bookmarks xmlns="http://www.netbeans.org/ns/editor-bookmarks/2" lastBookmarkId="0"/>
    <open-files xmlns="http://www.netbeans.org/ns/projectui-open-files/2">
        <group>
            <file>file:/C:/Users/brads/Documents/GitHub/bs2564199-csc18a/Projects/Homework/Final%20Project/SnowFinal/src/fal18/SnowboardRental.java</file>
            <file>file:/C:/Users/brads/Documents/GitHub/bs2564199-csc18a/Projects/Homework/Final%20Project/SnowFinal/src/fal18/SportShopRental.java</file>
            <file>file:/C:/Users/brads/Documents/GitHub/bs2564199-csc18a/Projects/Homework/Final%20Project/SnowFinal/test/fal18/SnowMobileRentalTest.java</file>
            <file>file:/C:/Users/brads/Documents/GitHub/bs2564199-csc18a/Projects/Homework/Final%20Project/SnowFinal/test/fal18/SkiRentalTest.java</file>
            <file>file:/C:/Users/brads/Documents/GitHub/bs2564199-csc18a/Projects/Homework/Final%20Project/SnowFinal/test/fal18/SnowboardRentalTest.java</file>
            <file>file:/C:/Users/brads/Documents/GitHub/bs2564199-csc18a/Projects/Homework/Final%20Project/SnowFinal/test/fal18/SportShopRentalTest.java</file>
            <file>file:/C:/Users/brads/Documents/GitHub/bs2564199-csc18a/Projects/Homework/Final%20Project/SnowFinal/src/fal18/SnowMobileRental.java</file>
            <file>file:/C:/Users/brads/Documents/GitHub/bs2564199-csc18a/Projects/Homework/Final%20Project/SnowFinal/src/fal18/SkiRental.java</file>
        </group>
    </open-files>
</project-private>
